{
  "train_loss": [
    0.8701387126835025,
    0.09501988362825038,
    0.03964759405626326
  ],
  "train_acc": [
    0.7565831727681439,
    0.9858702633269107,
    0.9948619139370585
  ],
  "train_f1": [
    0.7586402429359461,
    0.9858755732964284,
    0.9948607723576582
  ],
  "val_loss": [
    0.22080000773781822,
    0.10659051003555457,
    0.10371969179028556
  ],
  "val_acc": [
    0.9520958083832335,
    0.9730538922155688,
    0.9700598802395209
  ],
  "val_f1": [
    0.9521187714270971,
    0.973047589208271,
    0.9700240834319414
  ]
}